{
    "productos": [
        {
            "id": 1,
            "nombre": "The Legend of Zelda: A Link Between Worlds",
            "descripcion": "Los acontecimientos de A Link Between Worlds se llevan a cabo seis generaciones después de los eventos de A Link to the Past. La leyenda de las batallas del legendario héroe contra Ganon se han transmitido de generación en generación, y la paz ha gobernado en Hyrule durante décadas. La encarnación de Link en el juego es un aprendiz del mejor herrero de todo Hyrule.",
            "imagen": "link_betweenword.jpg"
        },  
        {
            "id": 2,
            "nombre": "The Legend of Zelda: The Minish Cap",
            "descripcion": "Hace mucho tiempo, cuando Hyrule estaba a punto de ser consumido por la oscuridad, los pequeños Minish descendieron del cielo, y otorgaron a un joven vestido de verde la legendaria Espada Minish y una brillante luz dorada.",
            "imagen": "link_minish.jpg"
        },
        {
            "id": 404,
            "nombre": "No data recognized 404",
            "descripcion": "Lorem ipsum dolor sit amet consectetur adipisicing elit. Sunt facere accusantium commodi<br>, est perspiciatis exnihil obcaecati iusto deleniti eveniet dolores magnam, dolorem a eaque totam numquam adipisci atque ipsa?Lorem ipsum dolor sit amet consectetur adipisicing elit. Sunt facere accusantium commodi, est perspiciatis exnihil obcaecati iusto deleniti eveniet dolores magnam, dolorem a eaque totam numquam adipisci atque ipsa?",
            "imagen": "flowey.jpg"
        }
    ]
}